MUN,ZONA,SECAO,ESTADO,MUNICIPIO,LOCAL,URNA,SERIEFC,DHCARGA,CODCARGA,DHABERTURA,DHENCERRAMENTO,ELAPTOS,ELCOMPARECIMENTO,LULA,BOLSONARO

132,4,11,RO,VILHENA,1082,1662356,169E979E,20220926T141800,914935095628407927394599,20221002T070001,20221002T170431,420,331,45,262
132,4,180,RO,VILHENA,1112,1664046,304DD3FF,20220926T164200,763420412718322117475039,20221002T070001,20221002T162953,432,328,53,250
132,4,22,RO,VILHENA,1112,1663398,13C01DF6,20220926T105500,632107999904830823068027,20221002T070001,20221002T165103,424,340,55,264
132,4,32,RO,VILHENA,1139,1652011,13C01DF6,20220926T152700,147258575855761253829221,20221002T070001,20221002T171911,443,354,53,272
132,4,34,RO,VILHENA,1139,1658881,13C01DF6,20220926T153700,460490117787173866509653,20221002T070001,20221002T165618,442,340,60,254
132,4,36,RO,VILHENA,1139,1660954,13C01DF6,20220926T154800,702814574111573426226969,20221002T070001,20221002T174824,451,357,63,267
132,4,38,RO,VILHENA,1139,1663751,17CE8982,20220926T082200,187662277571718309999611,20221002T070001,20221002T165806,433,340,57,258
132,4,61,RO,VILHENA,1112,1662202,2D321A34,20220926T142200,935137466023097941021450,20221002T070001,20221002T161746,430,336,57,256
2003,67,26,AM,APUÍ,1058,1786926,FDD993D7,20220920T083200,741993541354823107845000,20221002T070009,20221002T200230,517,371,84,267
2518,12,108,AM,LÁBREA,3042,1753256,B6FAA303,20220920T092300,235952208651404196746732,20221002T070001,20221002T173303,390,289,25,255
2577,16,113,AM,MANICORÉ,1449,1627206,3D8D569F,20220926T124900,696242697339303297505465,20221002T071018,20221002T185657,384,300,36,255
2577,16,114,AM,MANICORÉ,1449,1619511,87E1926F,20220926T115300,474020474503643366165547,20221002T070200,20221002T181055,382,299,40,252
2577,16,115,AM,MANICORÉ,1449,1614908,87E1926F,20220926T113300,383111097194378296572562,20221002T070433,20221002T180230,382,303,41,259
2577,16,72,AM,MANICORÉ,1449,1614821,3D8D569F,20220926T112400,686141395338653370925106,20221002T070001,20221002T174012,413,306,30,260
2577,16,76,AM,MANICORÉ,1449,1613533,3D8D569F,20220926T113000,292202441399072289174227,20221002T070001,20221002T182143,408,307,39,259
2577,16,85,AM,MANICORÉ,1449,1613789,3D8D569F,20220926T113700,211494322891482162944549,20221002T070001,20221002T181706,409,310,41,261
2577,16,86,AM,MANICORÉ,1449,1622536,3D8D569F,20220926T114300,251898473895330265972175,20221002T070001,20221002T174952,408,319,51,256
2577,16,87,AM,MANICORÉ,1449,1614890,3D8D569F,20220926T114800,484121810118910087493382,20221002T070001,20221002T182038,404,317,42,257
2577,16,90,AM,MANICORÉ,1449,1613786,3D8D569F,20220926T115600,393212021909772593269691,20221002T070001,20221002T175200,416,322,42,263
30007,205,117,BA,LUÍS EDUARDO MAGALHÃES,1171,1058085,6F07ADD0,20220927T112000,989471916700764051451798,20221002T080001,20221002T172331,413,351,42,288
30007,205,158,BA,LUÍS EDUARDO MAGALHÃES,1171,1016603,ERROR,20220927T135200,656138970816062749424522,20221002T080001,20221002T170611,390,310,43,252
30007,205,165,BA,LUÍS EDUARDO MAGALHÃES,1171,1003453,ERROR,20220927T154000,959168014146356346986768,20221002T080001,20221002T174352,391,328,46,264
30007,205,175,BA,LUÍS EDUARDO MAGALHÃES,1171,1051555,7E5C8D5C,20220928T235700,534926666149452751695420,20221002T083228,20221002T175347,389,355,37,296
30007,205,181,BA,LUÍS EDUARDO MAGALHÃES,1171,1029940,7E5C8D5C,20220927T105100,423815186138431261361556,20221002T080001,20221002T170058,395,330,53,258
30007,205,94,BA,LUÍS EDUARDO MAGALHÃES,1171,1052804,7F1A77BC,20220927T144300,736946804743233688554202,20221002T080321,20221002T173102,417,350,52,288
3107,7,56,RR,UIRAMUTÃ,1066,1758101,E7ABB3CE,20220921T093700,959272969681585356484371,20221002T070001,20221002T180416,354,314,16,293
4111,18,323,PA,ALTAMIRA,2666,1659589,13ABBA09,20220922T083500,501345244129972488768340,20221002T080001,20221002T191202,415,291,35,250
41238,34,299,MG,BELO HORIZONTE,1678,2085578,A1685EB2,20220921T093000,279992076258416224789277,20221002T080038,20221002T183343,487,370,71,255
41238,34,300,MG,BELO HORIZONTE,1678,2084753,A1685EB2,20220921T093400,875952146018295873015110,20221002T080001,20221002T173804,485,370,67,261
41238,34,302,MG,BELO HORIZONTE,1678,2084082,A1685EB2,20220921T094000,694134181700922414848192,20221002T080001,20221002T174727,493,406,70,269
41238,34,303,MG,BELO HORIZONTE,1678,2094658,A1685EB2,20220921T094300,269891864857700972150977,20221002T080001,20221002T172748,488,403,92,275
41238,34,304,MG,BELO HORIZONTE,1678,2085771,A1685EB2,20220921T094500,108275819641681676447654,20221002T080001,20221002T173028,484,385,76,259
41238,34,314,MG,BELO HORIZONTE,1678,2123445,A1685EB2,20220921T102600,572922354888128129329852,20221002T080001,20221002T175527,487,400,76,270
41238,34,331,MG,BELO HORIZONTE,1678,2089789,A1685EB2,20220921T111600,461811055177039983474332,20221002T080001,20221002T173333,482,396,81,273
41238,34,339,MG,BELO HORIZONTE,1716,2084193,A1685EB2,20220921T090700,219386689652571423567704,20221002T080001,20221002T172954,447,361,57,254
41238,34,361,MG,BELO HORIZONTE,1716,2123472,A1685EB2,20220921T132700,956760759226905727957836,20221002T080001,20221002T170308,428,373,103,266
434,1,133,RO,NOVA MAMORÉ,1244,1761258,ED82C110,20220922T120200,211832849596618803892458,20221002T070001,20221002T175331,491,369,71,284
434,1,143,RO,NOVA MAMORÉ,1244,1760462,5F716D3F,20220922T101300,151226855178491282861387,20221002T070001,20221002T173657,494,376,70,296
434,1,165,RO,NOVA MAMORÉ,1244,1761031,250DC1D5,20220922T120200,716882774684110735973360,20221002T070001,20221002T175918,498,326,43,273
434,1,84,RO,NOVA MAMORÉ,1236,1762888,4FE42466,20220922T114200,787589783665431074273285,20221002T070033,20221002T174719,475,334,64,254
4383,91,23,PA,NOVO PROGRESSO,1104,1673036,E59EC90F,20220921T134700,158789625737282166230146,20221002T080001,20221002T174504,421,308,35,268
4383,91,45,PA,NOVO PROGRESSO,1104,1657920,2D03A91C,20220921T142000,552729380999124217378500,20221002T080001,20221002T183325,425,304,39,259
4715,34,435,PA,ITAITUBA,2542,1794001,F7720E62,20220923T171400,064771180887337546573701,20221002T080001,20221002T180310,418,312,41,258
4715,34,437,PA,ITAITUBA,2542,1808477,CA9360B3,20220923T171000,994064330419988600623088,20221002T080001,20221002T180957,428,325,51,269
4286,34,442,,,2542,1017806,85BCEE0F,20220923T151000,898154898290660528358482,20221002T083327,20221002T184314,426,314,49,258
4715,34,459,PA,ITAITUBA,2542,1808549,C76B161D,20220923T171700,600125305797086467536859,20221002T080319,20221002T173733,437,315,53,255
4715,34,555,PA,ITAITUBA,2542,1796898,CA9360B3,20220923T175800,953660303315869851253486,20221002T080001,20221002T171214,439,322,57,255
48950,194,219,MG,NOVA LIMA,1619,2088487,7F030ECB,20220919T135300,478163710421028650461900,20221002T080001,20221002T174108,465,383,69,252
48950,194,261,MG,NOVA LIMA,1600,2134291,7F030ECB,20220919T161900,781294499452723759945732,20221002T080001,20221002T175117,456,404,72,262
48950,194,264,MG,NOVA LIMA,1660,2121662,7F030ECB,20220920T081100,114527159385940945229951,20221002T080001,20221002T170257,419,374,63,267
48950,194,272,MG,NOVA LIMA,1660,2130934,7F030ECB,20220920T084500,801496697054181550588002,20221002T080001,20221002T170244,441,379,59,272
48950,194,275,MG,NOVA LIMA,1660,2130274,7F030ECB,20220920T085600,235739450897778548328507,20221002T080001,20221002T170216,461,388,61,266
48950,194,289,MG,NOVA LIMA,1619,2096217,7F030ECB,20220920T102800,660082392540263723272319,20221002T080001,20221002T170457,408,351,58,252
48950,194,290,MG,NOVA LIMA,1660,2084199,7F030ECB,20220920T103300,579173388631911230759688,20221002T080001,20221002T170221,384,351,40,255
49034,298,93,MG,NOVA SERRANA,1015,2076664,7F3E771C,20220918T152500,837752797601389912920817,20221002T080001,20221002T170132,388,344,64,253
5193,92,62,PA,PRAINHA,1376,1797994,6E4D5FD5,20220921T112700,411926055942141817282467,20221002T080001,20221002T203420,394,305,33,265
5550,54,52,PA,SENADOR JOSÉ PORFÍRIO,1171,1807055,02662D38,20220920T153500,084387653648119620578529,20221002T080001,20221002T190846,399,315,56,254
56375,15,111,ES,DOMINGOS MARTINS,1228,1755492,2CE58F21,20220921T133400,055767320896884563501474,20221002T080001,20221002T171014,377,342,51,259
57053,52,421,ES,VITÓRIA,1252,2006039,D4320599,20220919T145300,383895992475047452246084,20221002T080001,20221002T170215,449,400,97,255
57932,9,130,ES,SANTA MARIA DE JETIBÁ,1333,1776840,04C830D1,20220921T150500,286027581715139664107679,20221002T080001,20221002T170040,397,339,65,255
58017,116,122,RJ,ANGRA DOS REIS,1040,1761020,1E0C2F56,20220921T111900,424324879743209109352167,20221002T080001,20221002T190039,488,376,94,254
58017,147,236,RJ,ANGRA DOS REIS,1058,1792029,3CC54D5C,20220919T161900,990013047769931314882266,20221002T080001,20221002T182054,484,383,96,250
58017,147,241,RJ,ANGRA DOS REIS,1163,1839026,5082008F,20220919T140000,757689323031758737711509,20221002T080001,20221002T181104,446,340,43,291
58017,147,253,RJ,ANGRA DOS REIS,1210,1808784,640872DD,20220919T153800,192033052946134988160496,20221002T080001,20221002T183117,469,364,78,257
58122,138,96,RJ,QUEIMADOS,1511,1789262,438CCE96,20220927T124500,815599100699230074160144,20221002T080001,20221002T184123,522,458,158,253
58190,129,79,RJ,CAMPOS DOS GOYTACAZES,1163,1789622,9761DDC4,20220922T094500,740796228365413300060199,20221002T080001,20221002T201559,548,344,64,250
58190,129,82,RJ,CAMPOS DOS GOYTACAZES,1163,1838090,9761DDC4,20220922T101900,346756120325100779269448,20221002T080115,20221002T214435,548,365,73,257
58432,107,214,RJ,ITAPERUNA,1643,1651040,4ED69071,20220923T120100,041090736398463684178455,20221002T080001,20221002T185642,509,408,120,250
58475,109,178,RJ,MACAÉ,1520,1671843,0C31DC0D,20220926T111200,704778163428444577436228,20221002T080001,20221002T211324,535,393,85,280
58750,57,50,RJ,PARATY,1341,1775577,9BDCFD67,20220920T102600,902102254566365255626836,20221002T080001,20221002T173249,471,390,105,252
58696,27,134,RJ,NOVA IGUAÇU,1058,2239359,FC54E418,20220920T103100,487039225137682446930576,20221002T080001,20221002T174830,514,434,128,250
58858,32,72,RJ,RIO BONITO,1325,1829469,122530A7,20220919T164100,708013411368356137777591,20221002T080001,20221002T211541,547,398,109,250
59099,62,214,RJ,SAQUAREMA,1520,1261266,0F54EF63,20220922T143200,749038430612635853921547,20221002T080002,20221002T204452,532,428,109,264
59137,64,10,RJ,SUMIDOURO,1058,1613095,3B2B276D,20220922T122800,640350719781641725561961,20221002T080101,20221002T211106,565,430,70,341
59137,64,32,RJ,SUMIDOURO,1112,1610398,000E7CF0,20220922T102600,670653102133317695189602,20221002T080002,20221002T201219,472,387,50,307
59137,64,42,RJ,SUMIDOURO,1198,1623062,000E7CF0,20220922T113300,620148624628257662207803,20221002T080001,20221002T192718,355,311,36,255
59137,64,43,RJ,SUMIDOURO,1112,1612895,72631FA4,20220922T100300,559441163585806134394907,20221002T080001,20221002T195134,486,367,41,300
59153,195,167,RJ,TERESÓPOLIS,1678,1275967,270889D2,20220921T152800,224749505991463275388665,20221002T080700,20221002T194423,524,388,93,268
59153,195,188,RJ,TERESÓPOLIS,1554,1234521,2F425D05,20220921T145200,770204303565758219147169,20221002T080001,20221002T200514,545,408,84,274
59153,195,205,RJ,TERESÓPOLIS,1619,1235501,32075B64,20220921T141400,244951246976009416708184,20221002T080001,20221002T221233,531,391,59,304
59153,195,238,RJ,TERESÓPOLIS,1651,1264537,B04E4D57,20220921T163500,982325255446213919735233,20221002T080001,20221002T185931,493,415,59,327
59153,195,267,RJ,TERESÓPOLIS,1546,1337989,5DE1E007,20220921T142300,962123335466741192656408,20221002T080001,20221002T185319,533,389,68,279
59315,48,89,RJ,PATY DO ALFERES,1090,1765329,662659B6,20220921T125600,253841801808290438812810,20221002T080001,20221002T184732,409,320,30,269
60011,119,201,RJ,RIO DE JANEIRO,1449,2193696,D8A26337,20220919T100600,180433476496169998543909,20221002T080001,20221002T174114,492,398,86,254
60011,119,403,RJ,RIO DE JANEIRO,1627,2175621,966482A9,20220919T112600,937908621309206286698645,20221002T080001,20221002T192840,537,468,146,260
60011,120,245,RJ,RIO DE JANEIRO,1511,2216710,356A86D3,20220920T164000,685491692582569797134486,20221002T080001,20221002T181445,473,411,106,256
60011,120,338,RJ,RIO DE JANEIRO,1600,2216226,AC7B392B,20220920T160300,533976894052260183064366,20221002T080001,20221002T181539,479,401,95,271
60011,122,261,RJ,RIO DE JANEIRO,1414,2216532,F3AD6207,20220920T091100,382483092174327678114682,20221002T080001,20221002T183720,498,398,98,250
60011,122,288,RJ,RIO DE JANEIRO,1260,2216595,392DB66E,20220920T085400,412786031745818319647611,20221002T080001,20221002T180903,490,412,98,256
60011,122,318,RJ,RIO DE JANEIRO,1260,2216792,30AB024A,20220920T084700,634908852635158287219842,20221002T080001,20221002T175901,495,428,123,258
60011,185,164,RJ,RIO DE JANEIRO,1333,2238531,014440DB,20220922T093200,766296719035133521816884,20221002T080317,20221002T172434,428,360,63,263
60011,185,242,RJ,RIO DE JANEIRO,1333,2236325,6E432FA2,20220922T104500,119731791815865774758028,20221002T080001,20221002T175306,432,388,74,258
60011,23,583,RJ,RIO DE JANEIRO,1759,2217849,4247F2C6,20220919T112000,230970571025086999213083,20221002T080001,20221002T170415,287,202,28,310
60011,238,105,RJ,RIO DE JANEIRO,1147,2219160,772F3935,20220922T145000,624889265949550133375629,20221002T080001,20221002T182105,487,403,117,250
60011,238,164,RJ,RIO DE JANEIRO,1201,2219140,99C90F92,20220922T151900,624889573747936465848634,20221002T080001,20221002T181648,549,452,148,253
60011,238,20,RJ,RIO DE JANEIRO,1031,2212945,6B845F57,20220922T142400,988425121131927060418334,20221002T080001,20221002T174630,484,411,121,254
60011,238,60,RJ,RIO DE JANEIRO,1112,2212921,6CF4D2C7,20220922T135400,746001162923847026287538,20221002T080001,20221002T182309,483,399,95,261
60011,24,752,RJ,RIO DE JANEIRO,2097,2212812,ABBD728A,20220921T151800,917749113775068230580097,20221002T080001,20221002T191051,486,395,92,253
60011,243,100,RJ,RIO DE JANEIRO,1120,2165133,6C61E2C8,20220919T100900,887467979159077165416664,20221002T080001,20221002T182326,494,411,90,263
60011,243,114,RJ,RIO DE JANEIRO,1120,2163467,492711DA,20220919T091900,261205860191461864681408,20221002T080001,20221002T183623,496,420,100,270
60011,243,152,RJ,RIO DE JANEIRO,1120,2189678,7B0C8EB9,20220919T112300,857164517065918779245478,20221002T080001,20221002T182123,493,407,104,260
60011,243,19,RJ,RIO DE JANEIRO,1040,2165324,C1623A0D,20220919T120900,230902293842648978013728,20221002T080001,20221002T173620,494,423,114,258
60011,243,56,RJ,RIO DE JANEIRO,1120,2164666,3918E749,20220919T094700,119790120020445552864665,20221002T080138,20221002T174528,498,393,92,257
60011,243,77,RJ,RIO DE JANEIRO,1120,2163346,F6F02477,20220919T091700,836962092093894754964136,20221002T080001,20221002T183913,495,404,89,259
60011,243,98,RJ,RIO DE JANEIRO,1120,2165348,F6F02477,20220919T124200,645043153774921076696346,20221002T080001,20221002T182512,496,419,84,277
60011,245,101,RJ,RIO DE JANEIRO,1171,2206458,D951FBE4,20220922T094400,746075941546346651261149,20221002T080001,20221002T190305,491,403,96,252
60011,245,70,RJ,RIO DE JANEIRO,1074,2216693,D990AA90,20220922T095500,675368163213431767944873,20221002T080001,20221002T190656,500,420,114,256
60011,246,109,RJ,RIO DE JANEIRO,1201,2161531,E969914E,20220921T111200,816793895815102342116844,20221002T080001,20221002T181559,492,413,113,253
60011,246,167,RJ,RIO DE JANEIRO,1147,2164195,3F773475,20220921T122800,584470583629495967777865,20221002T080001,20221002T190554,497,420,119,253
60011,246,67,RJ,RIO DE JANEIRO,1104,2164682,859C24C8,20220921T111100,291541480407515760626056,20221002T080001,20221002T190254,569,475,130,270
60011,246,72,RJ,RIO DE JANEIRO,1104,2161416,7E13C7D2,20220921T094400,453157163806966375460710,20221002T080001,20221002T181628,495,420,115,258
60011,25,843,RJ,RIO DE JANEIRO,1686,2162791,D5FEB9B7,20220922T101100,847053175077046908630286,20221002T080001,20221002T173956,480,412,105,256
60011,9,333,RJ,RIO DE JANEIRO,1287,2191588,11D0388E,20220920T110800,281427095636814703895752,20221002T080001,20221002T174859,538,423,116,255
60011,9,349,RJ,RIO DE JANEIRO,1295,2178270,02C08ED4,20220920T094100,261225809177473059023779,20221002T080001,20221002T180033,515,421,91,267
60011,9,350,RJ,RIO DE JANEIRO,1309,2178284,02C08ED4,20220920T094200,402639025291686357671039,20221002T080001,20221002T192339,579,444,128,258
60011,9,435,RJ,RIO DE JANEIRO,1287,2177420,9C20AA87,20220920T082900,200619323552682645450393,20221002T080001,20221002T180221,486,435,145,252
60011,9,439,RJ,RIO DE JANEIRO,1295,2190712,9C20AA87,20220920T090900,331932893565747790649078,20221002T080001,20221002T185942,482,421,101,265
61441,270,176,SP,SALTINHO,1201,2214524,FDE1774B,20220921T113500,955162196741632249788039,20221002T080001,20221002T170121,388,348,51,267
61441,270,220,SP,SALTINHO,1201,2214491,FDE1774B,20220921T115100,349001664980924986041333,20221002T080001,20221002T170036,383,335,43,264
66370,161,165,SP,LENÇÓIS PAULISTA,2097,2074614,CD14456C,20220924T144900,415903476186066455875544,20221002T080001,20221002T170132,370,338,47,251
66370,161,181,SP,LENÇÓIS PAULISTA,2070,1841673,F83B2D7C,20220923T103700,769438524049654433621705,20221002T080001,20221002T170459,393,349,58,261
66397,66,379,SP,LIMEIRA,1627,2163437,11B64B7B,20220925T101200,475055228999016063338714,20221002T080001,20221002T170111,395,358,60,255
66397,66,381,SP,LIMEIRA,1627,2163145,11B64B7B,20220925T102100,293237234381857241032511,20221002T080001,20221002T170204,392,359,46,279
70297,114,68,SP,SANTA CRUZ DO RIO PARDO,1112,1632763,9F101CA4,20220925T165200,439603738723991755400415,20221002T080001,20221002T173445,378,306,29,262
70475,386,159,SP,SANTANA DE PARNAÍBA,1333,2088572,613D4A36,20220924T092900,224971653054171946061389,20221002T080001,20221002T173728,482,384,39,278
70998,127,440,SP,SÃO JOSÉ DOS CAMPOS,1090,1201058,D6C12B7F,20220923T162100,607160241959649867609698,20221002T080014,20221002T195453,463,367,57,256
74276,61,134,PR,ARAPONGAS,1120,1755115,AF030E97,20220920T124700,359388095673286551567023,20221002T080001,20221002T172444,431,348,68,250
74276,61,4,PR,ARAPONGAS,1015,1843802,83BFED6F,20220920T092400,318984754106552849352792,20221002T080001,20221002T172032,380,329,49,252
74276,61,61,PR,ARAPONGAS,1015,1779912,83BFED6F,20220920T120700,015954540976582843926472,20221002T080001,20221002T171523,393,333,41,257
74276,61,7,PR,ARAPONGAS,1015,1812546,83BFED6F,20220920T093100,904843671765023305379843,20221002T080001,20221002T171631,385,341,53,256
74500,124,44,PR,MARIPÁ,1015,1233455,7A92F822,20220924T093900,944261660577988878966594,20221002T080001,20221002T173219,383,315,50,253
74500,124,67,PR,MARIPÁ,1015,1274241,22521F50,20220924T100000,287695473194506508488072,20221002T080001,20221002T180429,401,325,53,255
74934,68,116,PR,CASCAVEL,1295,1754723,682E303F,20220922T130400,640994461165290293872019,20221002T080001,20221002T173111,390,335,70,282
74934,68,117,PR,CASCAVEL,1295,1803422,682E303F,20220922T131100,651095582566181900526338,20221002T080001,20221002T171538,398,334,74,264
74934,68,118,PR,CASCAVEL,1295,1781485,682E303F,20220922T132000,954025991196507411535417,20221002T080001,20221002T170552,385,324,78,255
74934,68,120,PR,CASCAVEL,1295,1846570,682E303F,20220922T133400,933823166894859326772258,20221002T080001,20221002T174812,395,338,75,264
74934,68,121,PR,CASCAVEL,1295,1826478,682E303F,20220922T134100,044934382205840237526707,20221002T080001,20221002T173648,386,330,67,281
74934,68,122,PR,CASCAVEL,1295,1828626,682E303F,20220922T134900,206550659721561141352725,20221002T080001,20221002T172204,394,345,79,279
74934,68,124,PR,CASCAVEL,1295,1830237,682E303F,20220922T140300,428772095043111752476265,20221002T080001,20221002T174518,401,351,88,265
74934,68,125,PR,CASCAVEL,1295,1844750,2A00CDB6,20220923T155800,873217873673564525580889,20221002T080226,20221002T172147,387,331,73,270
74934,68,160,PR,CASCAVEL,1295,1804443,682E303F,20220922T141700,358065863536417495712779,20221002T080001,20221002T172627,391,329,87,254
74934,68,161,PR,CASCAVEL,1295,1844951,682E303F,20220922T142700,529782142453679172710670,20221002T080001,20221002T171421,386,320,74,262
74934,68,162,PR,CASCAVEL,1295,1829830,682E303F,20220922T143600,226752957923390346419528,20221002T080001,20221002T170247,388,328,67,279
74934,68,25,PR,CASCAVEL,1040,1843505,38D01620,20220922T113300,853015540154482374683008,20221002T080001,20221002T170135,435,361,64,265
74934,68,26,PR,CASCAVEL,1040,1778286,38D01620,20220922T114400,762106563945550003038319,20221002T080001,20221002T170723,437,365,55,272
74934,68,27,PR,CASCAVEL,1040,1768268,38D01620,20220922T115100,883318793657550748674357,20221002T080001,20221002T170231,440,369,63,275
74934,68,28,PR,CASCAVEL,1040,1843510,38D01620,20220922T120200,984328008067387461269545,20221002T080001,20221002T170020,441,366,72,256
74934,68,38,PR,CASCAVEL,1040,1829704,38D01620,20220922T123800,701500792339798966007956,20221002T080001,20221002T171420,437,378,62,282
74934,68,39,PR,CASCAVEL,1040,1830287,38D01620,20220922T124400,156045357884054431017783,20221002T080001,20221002T170239,433,355,66,260
74934,68,391,PR,CASCAVEL,1295,1778345,682E303F,20220922T150900,287358294529503399817423,20221002T080001,20221002T171306,391,319,68,262
74934,68,40,PR,CASCAVEL,1295,1844269,682E303F,20220922T125100,549984826055323578095037,20221002T080001,20221002T170159,397,350,79,277
75833,43,1,PR,GUARAPUAVA,1058,1174845,BC5BF07E,20220924T090400,650326763988071296555195,20221002T080001,20221002T181217,412,344,102,266
75833,43,12,PR,GUARAPUAVA,1058,1088469,BC5BF07E,20220924T093800,630124920786602394789654,20221002T080001,20221002T185315,399,327,80,271
75833,43,13,PR,GUARAPUAVA,1058,1101086,BC5BF07E,20220924T094500,044265447127899715541663,20221002T080001,20221002T182555,396,326,85,260
75833,43,2,PR,GUARAPUAVA,1058,1006370,BC5BF07E,20220924T164000,579518571880812345368627,20221002T081115,20221002T182756,401,331,82,260
75833,43,317,PR,GUARAPUAVA,1058,1095460,BC5BF07E,20220924T163300,488609489571845503354102,20221002T080001,20221002T185346,402,347,94,262
75833,43,368,PR,GUARAPUAVA,1619,1099735,462BEC8E,20220924T152700,215982783778652434855401,20221002T080001,20221002T190940,429,349,78,251
75833,43,430,PR,GUARAPUAVA,1872,1164948,BB58DFBC,20220924T153800,791740367673395100918231,20221002T080001,20221002T175745,410,358,65,268
76678,146,196,PR,LONDRINA,1481,1661652,96017F27,20220925T082400,668869040783241868423712,20221002T080001,20221002T171114,413,363,86,253
76678,146,201,PR,LONDRINA,1481,1661687,10173F5B,20220926T100400,163819163597845218268846,20221002T080001,20221002T183553,412,366,73,263
76678,146,203,PR,LONDRINA,1481,1662731,96017F27,20220925T083700,911394421708793462523535,20221002T080440,20221002T180746,411,358,81,254
76678,146,204,PR,LONDRINA,1473,1659910,1535C039,20220925T101800,295132919083258791860392,20221002T080001,20221002T171158,400,365,52,261
76678,146,206,PR,LONDRINA,1473,1657163,1535C039,20220925T102600,052708897459967739686369,20221002T080001,20221002T172100,405,358,57,259
76678,146,207,PR,LONDRINA,1481,1663420,96017F27,20220925T085100,780081737295425067160252,20221002T080001,20221002T173332,406,336,75,252
76678,146,209,PR,LONDRINA,1481,1661648,96017F27,20220925T085700,062809239023126344131002,20221002T080001,20221002T172333,405,348,87,257
76678,146,210,PR,LONDRINA,1473,1660240,1535C039,20220925T104000,315334560685988385537354,20221002T080001,20221002T173835,403,356,60,251
76678,146,211,PR,LONDRINA,1481,1660394,96017F27,20220925T090300,396142751256838105955119,20221002T080001,20221002T174239,417,366,76,281
76678,146,212,PR,LONDRINA,1473,1659169,1535C039,20220925T104700,719374181225872331461581,20221002T080001,20221002T170014,402,346,42,267
76678,146,215,PR,LONDRINA,1481,1661835,96017F27,20220925T091600,083011886825822573493303,20221002T080001,20221002T180736,416,354,84,254
76678,146,225,PR,LONDRINA,1481,1661384,96017F27,20220925T094100,618364483278277157114674,20221002T080001,20221002T174612,412,348,71,254
76678,146,82,PR,LONDRINA,1171,1662023,469E0AB7,20220926T093400,608263384429473921029594,20221002T080001,20221002T180037,433,379,69,252
76830,121,240,PR,MARECHAL CÂNDIDO RONDON,1317,1320996,8EC7B413,20220925T170700,890923355729462034433779,20221002T080001,20221002T174623,332,301,17,270
77399,124,132,PR,PALOTINA,1104,1264097,86AED098,20220925T150700,236490751077582065815718,20221002T080001,20221002T190004,426,376,75,282
77496,72,199,PR,PARANAVAÍ,1279,1275678,8623E8E9,20220922T155600,214292925727674314696119,20221002T080001,20221002T171425,419,364,74,250
77917,30,27,PR,PRUDENTÓPOLIS,1040,1336198,6CB167DA,20220922T084400,533074444851021091754793,20221002T080001,20221002T182504,418,334,56,250
77917,30,62,PR,PRUDENTÓPOLIS,1198,1242099,AA03BD4E,20220922T083900,735094373866486352410557,20221002T080001,20221002T181224,431,332,39,266
77917,30,82,PR,PRUDENTÓPOLIS,1317,1272996,AA03BD4E,20220922T103100,280549066221665643608958,20221002T080001,20221002T180123,387,327,36,262
78174,62,42,PR,RIO AZUL,1058,2022503,F93AE28D,20220922T092700,299893794951924007776132,20221002T080001,20221002T174334,402,364,50,260
78239,11,104,PR,RIO NEGRO,1139,2075922,88230481,20220922T103700,058223584837853926658319,20221002T080001,20221002T180924,431,381,54,286
78255,59,18,PR,ROLÂNDIA,1040,1619680,144A7B08,20220923T110400,218455169418734530849772,20221002T080019,20221002T182238,432,342,50,263
78255,59,49,PR,ROLÂNDIA,1040,1626114,22DD7363,20220922T141300,875021146838657795219764,20221002T080001,20221002T174510,431,366,65,254
78255,59,51,PR,ROLÂNDIA,1040,1627783,22DD7363,20220922T142000,763910227627427587843913,20221002T080001,20221002T173310,432,351,51,255
78859,8,360,PR,SÃO JOSÉ DOS PINHAIS,1856,2095786,AFF86685,20220921T132300,458633149812128620624721,20221002T080001,20221002T171534,377,347,49,252
79219,125,59,PR,TERRA ROXA,1457,1110982,8D7E1CEF,20220923T112400,157993491105857802888888,20221002T080001,20221002T184514,426,361,83,260
79278,75,17,PR,TOLEDO,1040,1615381,C0674C0B,20220922T101100,557659398025758605753300,20221002T080001,20221002T170050,350,294,84,252
79278,75,20,PR,TOLEDO,1040,1615456,C0674C0B,20220922T103400,941598083864535518687771,20221002T080001,20221002T170124,341,300,88,252
79278,75,25,PR,TOLEDO,1040,1627960,C0674C0B,20220922T112000,284932979398617149486439,20221002T080001,20221002T175008,347,300,78,260
79278,75,259,PR,TOLEDO,1503,1615943,2E371790,20220921T103400,537457059456038747234863,20221002T080001,20221002T183043,418,345,43,282
79278,75,277,PR,TOLEDO,1546,1632787,2E371790,20220921T163900,385942824041899612435152,20221002T080001,20221002T182346,433,363,55,276
79278,75,423,PR,TOLEDO,1899,1610089,E4A57D15,20220921T121200,466750297771868514282537,20221002T080001,20221002T182354,387,340,30,288
79278,75,9,PR,TOLEDO,1023,1621236,3F9EBC23,20220922T110900,214225200438997216552160,20221002T080001,20221002T181733,420,358,73,253
79715,129,29,PR,SANTA HELENA,1031,1164932,553CF68D,20220924T123700,107332234245304618460236,20221002T080001,20221002T192210,409,355,51,286
79936,148,176,PR,TUPÃSSI,1031,1615427,5B49BDEB,20220920T095900,061431302630923001270920,20221002T080001,20221002T193216,436,381,48,317
80039,57,70,SC,AGROLÂNDIA,1015,1229919,7E4169A2,20220918T130800,929404417379287394201512,20221002T080001,20221002T172942,395,343,70,250
80039,57,73,SC,AGROLÂNDIA,1104,1288479,7E4169A2,20220918T133200,091121917896301286028087,20221002T080001,20221002T173819,368,327,48,253
80039,57,79,SC,AGROLÂNDIA,1015,1336627,7E4169A2,20220918T134000,444656928831608026608318,20221002T080001,20221002T173559,391,358,63,264
80039,57,84,SC,AGROLÂNDIA,1015,1227581,7E4169A2,20220918T134900,868898862673658375529943,20221002T080001,20221002T173443,394,336,44,277
80039,57,85,SC,AGROLÂNDIA,1015,1248425,7E4169A2,20220918T135700,555767668942291562278556,20221002T080001,20221002T170729,391,336,55,268
80080,32,21,SC,DOUTOR PEDRINHO,1023,1771327,0E400688,20220920T122200,048047295460443765470799,20221002T080001,20221002T182324,440,364,68,259
80187,58,130,SC,IRACEMINHA,1015,1681068,E53EC4EE,20220924T081200,176340470307435418408011,20221002T080001,20221002T190821,431,384,84,261
80233,2,1,SC,ANTÔNIO CARLOS,1015,1801883,C8525713,20220924T091700,743696851967463770772924,20221002T080001,20221002T172235,387,342,59,250
80233,2,110,SC,ANTÔNIO CARLOS,1040,1775237,C8525713,20220924T110600,986020148891738907328965,20221002T080001,20221002T170122,344,328,33,274
80233,2,124,SC,ANTÔNIO CARLOS,1015,1752785,C8525713,20220924T111300,026424691595654959963565,20221002T080001,20221002T173543,394,354,49,260
80233,2,5,SC,ANTÔNIO CARLOS,1015,1842984,C8525713,20220924T095000,087030632201675904572772,20221002T080001,20221002T182923,393,347,48,255
80233,2,7,SC,ANTÔNIO CARLOS,1031,1778435,C8525713,20220924T100400,713393488464213886368565,20221002T080001,20221002T191108,440,387,53,301
80233,2,92,SC,ANTÔNIO CARLOS,1015,1845980,C8525713,20220924T105200,238545082816045718736260,20221002T080001,20221002T172337,387,355,63,261
80250,27,167,SC,ARAQUARI,1236,1777842,A71F5F88,20220917T113500,470438756302584570664368,20221002T080001,20221002T180055,485,380,102,252
80250,27,190,SC,ARAQUARI,1236,1821934,473887D6,20220917T104100,753266470309561681488709,20221002T080001,20221002T185920,504,383,102,250
80250,27,194,SC,ARAQUARI,1236,1777299,473887D6,20220917T105200,702761866204670208069968,20221002T080001,20221002T181138,544,426,121,266
80292,99,10,SC,ARMAZÉM,1120,1771984,A54D4056,20220920T143500,517013588222438416275220,20221002T080001,20221002T181254,415,378,95,259
80330,15,217,SC,ASCURRA,1104,1759490,7315FA8F,20220920T115300,115373133205741815505532,20221002T080001,20221002T171645,407,349,37,276
80390,56,422,SC,BALNEÁRIO CAMBORIÚ,1252,1775661,1652D0F2,20220917T184100,142215861136838546105968,20221002T080614,20221002T170730,86,79,85,305
80390,56,423,SC,BALNEÁRIO CAMBORIÚ,1252,1098186,1652D0F2,20220917T175400,192720024841072482878285,20221002T080001,20221002T170118,79,77,105,277
80390,56,424,SC,BALNEÁRIO CAMBORIÚ,1252,1143441,1652D0F2,20220917T180100,091710037731428780038830,20221002T080001,20221002T170117,95,88,115,273
80390,56,425,SC,BALNEÁRIO CAMBORIÚ,1252,1105949,1652D0F2,20220917T180700,243225297346998153062929,20221002T080001,20221002T170532,99,90,115,269
80390,56,426,SC,BALNEÁRIO CAMBORIÚ,1252,1081749,1652D0F2,20220917T181300,101811269032662197729704,20221002T080315,20221002T170328,101,93,89,280
80390,56,427,SC,BALNEÁRIO CAMBORIÚ,1252,1095095,1652D0F2,20220917T181900,162417431338144905719276,20221002T080754,20221002T170718,72,68,97,270
80390,56,428,SC,BALNEÁRIO CAMBORIÚ,1252,1144942,1652D0F2,20220917T182600,667467048788526250239949,20221002T081534,20221002T172631,73,69,96,286
80390,56,429,SC,BALNEÁRIO CAMBORIÚ,1252,1174785,1652D0F2,20220917T183200,920093410314598418620763,20221002T080001,20221002T170506,82,80,113,277
80438,32,18,SC,BENEDITO NOVO,1147,1824366,66C99DEF,20220920T134500,194062148383094425156261,20221002T080001,20221002T183622,386,322,43,252
80535,44,109,SC,BRAÇO DO NORTE,1171,1781786,6AA19894,20220917T133700,868758943295338106269446,20221002T080001,20221002T170252,385,340,53,259
80535,44,11,SC,BRAÇO DO NORTE,1031,1166216,E7C0485E,20220917T103100,626334807736347822076357,20221002T080001,20221002T175051,398,343,38,278
80535,44,12,SC,BRAÇO DO NORTE,1040,1771458,E7C0485E,20220917T103800,828354118156033095929981,20221002T080001,20221002T170043,331,288,11,255
80535,44,13,SC,BRAÇO DO NORTE,1040,1222951,E7C0485E,20220917T111700,646536045438718199082303,20221002T080001,20221002T170815,332,291,13,251
80535,44,6,SC,BRAÇO DO NORTE,1015,1830583,E7C0485E,20220917T095800,454617119319767366226058,20221002T080001,20221002T170507,382,321,54,250
80535,44,95,SC,BRAÇO DO NORTE,1171,1846596,D8982FD1,20220917T114000,798051973020643694038372,20221002T080001,20221002T172647,386,349,58,250
80470,88,116,SC,BLUMENAU,1244,2177697,421B031F,20220918T103600,160960988573324845229824,20221002T080001,20221002T172826,390,323,43,252
80551,5,103,SC,BRUSQUE,2097,1224829,D57781A2,20220918T150900,948149363415593422461849,20221002T080001,20221002T182044,399,337,44,266
80551,5,104,SC,BRUSQUE,1783,1227978,D57781A2,20220918T151800,554210087576228057578549,20221002T080001,20221002T180441,400,334,47,256
80551,5,139,SC,BRUSQUE,2097,1338309,D57781A2,20220918T173000,554210849276069845172036,20221002T080001,20221002T173230,398,343,35,281
80551,5,228,SC,BRUSQUE,2097,1288745,056CE726,20220918T200600,473402676817435282777859,20221002T080001,20221002T170240,397,338,56,257
80551,5,257,SC,BRUSQUE,2097,1291145,AD1C0543,20220918T174800,008755302772165089097428,20221002T080001,20221002T172550,398,350,60,264
80551,5,258,SC,BRUSQUE,1031,1320570,AD1C0543,20220918T175400,281583699200255483346303,20221002T080001,20221002T174600,384,352,48,272
80551,5,33,SC,BRUSQUE,1031,1308079,A6ED6E74,20220918T151300,443199980414760151663267,20221002T080001,20221002T174005,377,327,52,250
80551,5,80,SC,BRUSQUE,1597,1330187,D57781A2,20220918T143200,857240410606178350876338,20221002T080001,20221002T174653,363,324,43,256
80551,86,103,SC,BRUSQUE,1252,1320188,B83031BC,20220918T174300,685590108745497603159615,20221002T080001,20221002T170532,394,345,38,273
80551,86,107,SC,BRUSQUE,1139,1292263,B83031BC,20220918T181000,301752167707740877376394,20221002T080001,20221002T172618,388,350,77,252
80551,86,115,SC,BRUSQUE,1252,1228210,9DF817D6,20220918T122000,958217663759824174499169,20221002T080001,20221002T175127,391,333,36,255
80551,86,132,SC,BRUSQUE,1252,1223327,9DF817D6,20220918T155300,978419497561659805610681,20221002T080001,20221002T174333,394,333,47,256
80551,86,32,SC,BRUSQUE,1252,1321023,C52F3030,20220918T174700,129934552228219863379742,20221002T080001,20221002T173534,390,333,40,265
80551,86,33,SC,BRUSQUE,1252,1343215,C52F3030,20220918T175400,130035678429101014754109,20221002T080001,20221002T180113,394,334,62,250
80551,86,34,SC,BRUSQUE,1252,1318707,C52F3030,20220918T180100,554277208071970209103663,20221002T080001,20221002T174758,392,334,46,257
80616,103,21,SC,CAMBORIÚ,1040,1340889,6FFC7050,20220918T110500,464188714502390450977623,20221002T080001,20221002T172206,381,324,55,250
80632,30,12,SC,CAMPO ALEGRE,1040,1846604,B92D469B,20220919T104100,897010183024883333311970,20221002T080001,20221002T181745,444,359,72,254
80837,9,309,SC,CONCÓRDIA,2380,1628510,349CAD89,20220922T142300,670766935881541883957937,20221002T080001,20221002T171405,396,357,62,257
80918,83,31,SC,CUNHA PORÃ,1040,1843200,A06889C9,20220922T104100,195308516907666824799754,20221002T080001,20221002T194911,455,417,37,356
81000,33,277,SC,SANGÃO,1015,1778447,C23C44CF,20220920T172700,191673636153499380613415,20221002T080001,20221002T175317,394,336,45,272
81000,33,355,SC,SANGÃO,1015,1777546,C23C44CF,20220920T175000,716825880205794664394259,20221002T080001,20221002T175045,397,341,55,264
81000,33,359,SC,SANGÃO,1031,1846369,C23C44CF,20220920T180400,706724310104723513818470,20221002T080001,20221002T181220,396,337,52,267
81000,33,428,SC,SANGÃO,1031,1844447,C23C44CF,20220920T182500,514805893185787604593058,20221002T080001,20221002T170612,392,327,58,250
81000,33,44,SC,SANGÃO,1015,1777426,C23C44CF,20220920T162100,161370881850933904686649,20221002T080001,20221002T180032,393,325,47,251
81000,33,440,SC,SANGÃO,1015,1771645,C23C44CF,20220920T184600,817835455615331478909694,20221002T080001,20221002T171534,395,328,58,253
81000,33,45,SC,SANGÃO,1015,1829184,C23C44CF,20220920T162800,807734637914060137093724,20221002T080001,20221002T180558,393,328,46,264
81060,98,153,SC,FORQUILHINHA,1104,2046133,012F252A,20220917T161100,208371970373403301932218,20221002T080001,20221002T171706,420,361,42,290
81086,42,44,SC,MORRO GRANDE,1023,1836908,9449F4FD,20220917T143800,680718405575338250452317,20221002T080001,20221002T175601,426,349,58,259
81116,2,74,SC,GOVERNADOR CELSO RAMOS,1040,1032559,660D3D7C,20220924T110000,845306771550179703174563,20221002T080001,20221002T190734,385,321,54,253
81124,68,156,SC,SÃO JOÃO DO ITAPERIÚ,1104,1801612,A766AE08,20220920T103200,773907872218041668134595,20221002T080001,20221002T175402,381,333,54,267
81175,64,133,SC,GASPAR,1414,1328194,E3ADD34A,20220920T143100,174303808383811929160611,20221002T080001,20221002T174305,386,336,58,255
81213,99,68,SC,GRAVATAL,1040,1778771,43D30254,20220921T091600,782740082078164752276298,20221002T080001,20221002T171317,365,325,50,260
81230,5,154,SC,GUABIRUBA,1066,1827071,56212728,20220918T112800,903445782685224051211441,20221002T080001,20221002T170111,361,341,58,251
81230,5,166,SC,GUABIRUBA,1058,1821633,56212728,20220918T143100,004455179895257602644035,20221002T080001,20221002T172825,395,353,63,254
81230,5,196,SC,GUABIRUBA,1058,1828508,473D6D94,20220918T134500,135768517964643936616477,20221002T080001,20221002T170023,392,345,50,253
81272,60,114,SC,GUARAMIRIM,1139,1281692,185550A4,20220917T130500,687410284732740621830664,20221002T080001,20221002T171438,384,340,59,250
81272,60,22,SC,GUARAMIRIM,1163,1282828,438BA358,20220917T114600,758117115461023632176872,20221002T080001,20221002T172839,433,351,45,273
81272,60,85,SC,GUARAMIRIM,1074,1226516,56E3A3FD,20220917T103700,849026958317980536026194,20221002T080001,20221002T170111,447,363,71,252
81310,85,64,SC,HERVAL D'OESTE,1066,1626437,705BD78A,20220923T140800,942305804571070479777036,20221002T080001,20221002T181159,427,343,57,255
81370,79,321,SC,IÇARA,1317,1285437,A8797C83,20220917T165900,534801053345653771194291,20221002T080100,20221002T174615,391,338,65,254
81396,64,109,SC,ILHOTA,1015,1327275,434AE8FD,20220921T135000,542540620527273562004621,20221002T080001,20221002T181836,386,325,41,253
81396,64,78,SC,ILHOTA,1120,1342497,434AE8FD,20220921T113800,310217681304208825119566,20221002T080108,20221002T180515,380,327,33,268
81450,39,107,SC,IMBUIA,1120,1334088,07502B0D,20220922T142600,795999653889873256245797,20221002T080001,20221002T183631,426,381,85,256
81450,39,16,SC,IMBUIA,1031,1259326,07502B0D,20220922T132600,775797503387745279273086,20221002T080001,20221002T184258,412,366,69,258
81450,39,18,SC,IMBUIA,1058,1286374,07502B0D,20220922T134200,705090656980575692551472,20221002T080001,20221002T182240,377,350,46,278
80330,15,109,,,1015,1334502,7315FA8F,20220921T144300,670929671961636896685056,20221002T080002,20221002T170214,393,342,49,251
81477,15,112,SC,INDAIAL,1031,1271443,7CD64923,20220920T165000,228784603012196164232005,20221002T080001,20221002T170805,390,328,42,250
81590,38,102,SC,ITAIÓPOLIS,1031,1252090,F16EDE26,20220922T140800,397048703400432443874345,20221002T080001,20221002T182702,434,355,49,274
81590,38,11,SC,ITAIÓPOLIS,1031,1843730,A547CA6A,20220922T104600,114220292905938039988460,20221002T080001,20221002T185518,424,356,65,267
81639,91,267,SC,ITAPEMA,1120,1302729,31C716F6,20220918T110300,267900632699059802748609,20221002T080001,20221002T174223,396,335,57,250
81639,91,269,SC,ITAPEMA,1180,1329657,31C716F6,20220918T111900,136687720686439122124934,20221002T080001,20221002T172859,392,336,51,251
81612,16,7,SC,ITAJAÍ,1023,2188687,22D21DC6,20220917T104200,067479838445942054078626,20221002T080001,20221002T173009,434,371,83,253
81612,97,147,SC,ITAJAÍ,1562,2003265,5D139DD1,20220917T163600,784618924814517024061398,20221002T080001,20221002T170801,396,347,54,252
81612,97,305,SC,ITAJAÍ,1562,2178081,B75AE589,20220918T144600,340274160593034593389278,20221002T080001,20221002T170024,399,357,70,256
81612,97,320,SC,ITAJAÍ,1767,2001329,8178C7F9,20220918T140800,309870718167770781737235,20221002T080001,20221002T170338,397,342,64,252
81671,39,121,SC,ITUPORANGA,1104,1829758,B1C6F653,20220921T143100,952015293934688075267531,20221002T080001,20221002T180355,405,345,58,251
81671,39,61,SC,ITUPORANGA,1082,1227588,B1C6F653,20220921T132900,002520530339098777080270,20221002T080001,20221002T181958,446,404,36,349
81752,17,201,SC,JARAGUÁ DO SUL,1996,2050064,E3031113,20220917T090900,991883287467929158952132,20221002T080001,20221002T170003,396,355,55,258
81752,17,203,SC,JARAGUÁ DO SUL,1066,2044524,E3031113,20220917T091300,729156236340324447321898,20221002T080001,20221002T170148,366,342,54,256
81752,17,242,SC,JARAGUÁ DO SUL,1996,2000447,57D80598,20220917T110200,850469533888482466902956,20221002T080001,20221002T170111,397,348,52,252
81752,17,64,SC,JARAGUÁ DO SUL,1392,2004589,906CD432,20220917T091300,708954562839309093938477,20221002T080001,20221002T170128,383,341,52,258
81752,87,102,SC,JARAGUÁ DO SUL,1317,2000582,11E87754,20220918T084100,880721194797592325974669,20221002T080001,20221002T170013,361,328,70,250
81752,87,136,SC,JARAGUÁ DO SUL,1171,2001349,ERROR,20220918T095800,840317805711245849997107,20221002T080001,20221002T170003,396,353,58,252
81752,87,200,SC,JARAGUÁ DO SUL,1023,2044539,FFFB66C1,20220918T102700,375670558400513317963144,20221002T080001,20221002T170310,397,353,48,262
81752,87,85,SC,JARAGUÁ DO SUL,1023,2046881,FFFB66C1,20220918T083800,385771490701493985138923,20221002T080001,20221002T170059,395,356,56,261
81817,85,194,SC,LACERDÓPOLIS,1031,1770470,3FA2305E,20220923T094100,568367729624041666467043,20221002T080001,20221002T182116,445,386,41,294
81833,21,30,SC,LAGES,1201,2048352,F0C8657F,20220918T113200,334658546171326125247536,20221002T080001,20221002T181310,449,349,58,253
81795,19,621,SC,JOINVILLE,1082,2180374,F8E87BA2,20220921T105300,827288612973437467003699,20221002T080001,20221002T170542,398,347,42,269
81795,19,665,SC,JOINVILLE,1082,2198574,45A0E145,20220921T103400,372743888118873138871602,20221002T080001,20221002T170031,393,343,50,255
81795,19,739,SC,JOINVILLE,2445,2180354,D343C78B,20220921T135200,423248256717294886225691,20221002T080001,20221002T170028,375,325,34,262
81795,76,542,SC,JOINVILLE,2399,2191068,293EBFD4,20220919T093000,382853330999134470831764,20221002T080001,20221002T170154,390,332,45,257
81795,76,606,SC,JOINVILLE,1031,2190800,4AFF07FC,20220919T111200,372752571763275718593381,20221002T080001,20221002T170136,386,340,37,259
81795,76,643,SC,JOINVILLE,1031,2180362,9ED8A27F,20220919T112700,271742424547612066421402,20221002T080001,20221002T170027,382,336,50,262
81795,76,758,SC,JOINVILLE,2470,2137350,9AA40053,20220919T144500,716186576856424561739242,20221002T080001,20221002T170104,387,333,49,250
81795,95,67,SC,JOINVILLE,1104,2190488,3F6B758F,20220917T095000,817199009333562177828424,20221002T080001,20221002T170525,450,364,79,253
81795,95,69,SC,JOINVILLE,1104,2190069,3F6B758F,20220917T095300,089826497960042419309205,20221002T080001,20221002T170213,446,378,78,259
81795,96,119,SC,JOINVILLE,1252,2191998,60184FE1,20220920T090500,493978641614624331128893,20221002T080001,20221002T173307,397,328,43,251
81795,96,120,SC,JOINVILLE,1252,2190524,60184FE1,20220920T090700,584887817523851627957108,20221002T080001,20221002T170015,398,346,53,265
81795,96,121,SC,JOINVILLE,1252,2190884,60184FE1,20220920T090800,786807128243127641178353,20221002T080001,20221002T170138,391,341,45,253
81795,96,150,SC,JOINVILLE,1392,2189958,60184FE1,20220920T102400,635392074728957267829446,20221002T080001,20221002T170332,390,335,46,252
81795,96,155,SC,JOINVILLE,1392,2194347,60184FE1,20220920T103800,059534049370748465884776,20221002T080001,20221002T170021,388,329,31,262
81795,96,173,SC,JOINVILLE,1066,2191811,84F3C3F3,20220920T113400,706099617953220849861245,20221002T080001,20221002T170055,391,340,43,257
81795,96,177,SC,JOINVILLE,1252,2192061,84F3C3F3,20220920T114400,302059654713919508835426,20221002T080001,20221002T170026,395,346,53,250
81795,96,187,SC,JOINVILLE,1252,2190123,84F3C3F3,20220920T121600,493978912932085357188937,20221002T080001,20221002T170030,394,339,60,250
81795,96,223,SC,JOINVILLE,1163,2001769,B7E4C235,20220920T123000,392968046265746579066192,20221002T080001,20221002T170050,394,338,52,256
81795,96,232,SC,JOINVILLE,1163,2002110,5C23D769,20220920T111100,079736686130205417220840,20221002T080001,20221002T170025,396,347,51,260
81795,96,259,SC,JOINVILLE,1422,2190783,5C23D769,20220920T123800,261655781449178061731396,20221002T080002,20221002T170155,383,339,48,258
81795,96,27,SC,JOINVILLE,1066,2179918,4326E705,20220920T095700,150544064486872155082118,20221002T080001,20221002T172142,393,347,45,262
81795,96,66,SC,JOINVILLE,1163,2191127,203FC4C7,20220920T100800,463675547185882441893906,20221002T080001,20221002T170046,392,346,60,253
81930,39,144,SC,LEOBERTO LEAL,1023,1262461,9C6BF567,20220921T161700,847704659453037144708631,20221002T080001,20221002T191219,431,379,75,253
81973,106,158,SC,LUIZ ALVES,1104,1777369,6A70A633,20220921T111600,279102599324849370188491,20221002T080001,20221002T170030,374,334,55,255
81990,22,145,SC,MAFRA,1244,1776436,04F37DA5,20220917T223100,026138940685038699770820,20221002T080001,20221002T173610,347,319,30,272
81990,22,89,SC,MAFRA,1384,1627046,D287210A,20220917T174700,531289088762532254228865,20221002T080001,20221002T181745,436,387,46,286
82074,60,168,SC,MASSARANDUBA,1155,1777428,B8FD0211,20220917T162700,113053503186829552967684,20221002T080001,20221002T173220,405,365,44,293
82074,60,174,SC,MASSARANDUBA,1023,1778078,B8FD0211,20220917T163300,123154146887648803946151,20221002T080001,20221002T175246,392,369,49,265
82074,60,48,SC,MASSARANDUBA,1074,1844820,DBAD6561,20220917T154600,527194687571235142709375,20221002T080001,20221002T174205,425,359,62,260
82198,34,157,SC,MORRO DA FUMAÇA,1015,1304308,B4873123,20220920T095800,432708640216220767148403,20221002T080001,20221002T171856,395,337,50,257
82252,53,41,SC,NOVA TRENTO,1139,1752176,01B7FF55,20220924T131000,140782538317781686150385,20221002T080001,20221002T172801,385,328,41,252
82252,53,74,SC,NOVA TRENTO,1139,1755466,01B7FF55,20220924T151000,979065900300835261633099,20221002T080001,20221002T174402,390,356,63,259
82252,53,92,SC,NOVA TRENTO,1139,1308619,01B7FF55,20220924T163800,534621388956248150753398,20221002T080001,20221002T175956,387,327,43,253
82295,23,101,SC,ORLEANS,1015,1286421,3DC41B9D,20220921T155600,562003768036933252106545,20221002T080001,20221002T173354,389,328,48,251
82295,23,53,SC,ORLEANS,1058,1320045,A492B0FF,20220921T104800,349881027564210894525326,20221002T080001,20221002T172627,368,314,24,269
82490,39,80,SC,PETROLÂNDIA,1023,1769945,5F8F151C,20220921T154600,821502383956103780326123,20221002T080026,20221002T170207,373,326,52,250
82597,55,32,SC,POMERODE,1074,1828026,F65E9528,20220917T154200,030693463821463205109654,20221002T080001,20221002T170058,387,322,41,255
82732,9,242,SC,PRESIDENTE CASTELLO BRANCO,1023,1803771,A3C244C1,20220922T082000,061205743354093647047944,20221002T080001,20221002T171548,362,329,51,258
82899,55,88,SC,RIO DOS CEDROS,1090,1827928,83C9908F,20220918T135400,984088420500513488965015,20221002T080001,20221002T170104,416,348,49,262
82937,44,126,SC,RIO FORTUNA,1015,1242953,557FD954,20220917T182200,349906236419925875558058,20221002T080001,20221002T170112,388,348,51,264
82937,44,51,SC,RIO FORTUNA,1015,1305032,557FD954,20220917T170200,743946200059036874075232,20221002T080001,20221002T173012,375,340,36,265
82937,44,52,SC,RIO FORTUNA,1015,1287995,557FD954,20220917T170800,420714992327132915636406,20221002T080001,20221002T180250,392,341,46,256
82937,44,53,SC,RIO FORTUNA,1015,1297729,557FD954,20220917T171400,410613097826931321635337,20221002T080001,20221002T184449,381,343,43,264
82937,44,54,SC,RIO FORTUNA,1015,1306574,557FD954,20220917T172100,309502096215708178905264,20221002T080037,20221002T175310,370,346,56,260
82970,15,117,SC,RODEIO,1031,1824016,4BD3C126,20220920T133000,307692231888761932758944,20221002T080001,20221002T173923,450,388,81,273
82970,15,168,SC,RODEIO,1031,1843571,4BD3C126,20220920T142800,287490678586328231326383,20221002T080001,20221002T175029,448,356,75,255
83135,67,82,SC,SÃO BONIFÁCIO,1015,2000041,C60E61A4,20220920T173000,515170292298417255338973,20221002T080001,20221002T172258,422,374,52,281
83216,53,81,SC,SÃO JOÃO BATISTA,1139,1289379,D4E3A2ED,20220924T150500,039771707488154265988789,20221002T080001,20221002T170519,391,331,49,251
83216,53,89,SC,SÃO JOÃO BATISTA,1139,1241336,D4E3A2ED,20220924T155500,120680679697695831533608,20221002T080001,20221002T170433,394,341,64,251
83216,53,90,SC,SÃO JOÃO BATISTA,1139,1289509,D4E3A2ED,20220924T160400,262094893411429431560197,20221002T080001,20221002T171900,394,331,52,251
83437,17,324,SC,SCHROEDER,1058,2000484,A4FAB3A1,20220917T093900,670651523767876183105238,20221002T080001,20221002T170038,415,364,72,263
83518,46,61,SC,TAIÓ,1139,1228156,EEE8CFBF,20220918T185500,094203624244243836978497,20221002T080826,20221002T175409,393,322,46,250
83518,46,90,SC,TAIÓ,1287,1845908,A552E512,20220918T201400,427536053144331325283047,20221002T080001,20221002T182809,430,356,73,262
83550,31,70,SC,TIJUCAS,1198,1310570,F09EADA0,20220922T150600,960128454969979655184156,20221002T080001,20221002T194642,421,325,57,250
83577,32,103,SC,TIMBÓ,1171,1844697,F1D6D553,20220920T182500,160659586581431501042499,20221002T080001,20221002T170201,395,354,45,263
83577,32,104,SC,TIMBÓ,1082,1306202,DBE36B15,20220921T091000,877730400347833822821078,20221002T080001,20221002T171528,383,345,41,260
83577,32,106,SC,TIMBÓ,1031,1320647,DBE36B15,20220921T092400,928235679352250171882547,20221002T080418,20221002T170832,377,337,45,254
83577,32,112,SC,TIMBÓ,1090,1270971,DBE36B15,20220921T095100,554598930415942892129605,20221002T080001,20221002T182502,395,335,46,258
83577,32,120,SC,TIMBÓ,1090,1285652,DBE36B15,20220921T102900,897932126049653153672607,20221002T080001,20221002T173904,393,339,46,250
83577,32,129,SC,TIMBÓ,1120,1303194,DBE36B15,20220921T111400,413184634001847234140995,20221002T080001,20221002T170218,386,330,36,251
83577,32,132,SC,TIMBÓ,1171,1233065,DBE36B15,20220921T114800,211164731581194369440505,20221002T080001,20221002T170111,394,335,51,252
83577,32,146,SC,TIMBÓ,1090,1321692,26CE8B28,20220921T095300,625205658219151632090741,20221002T080001,20221002T173008,432,364,54,271
83577,32,84,SC,TIMBÓ,1120,1846806,F1D6D553,20220920T160200,625205623527289965634532,20221002T080001,20221002T170138,390,350,42,277
83615,33,313,SC,TREZE DE MAIO,1015,1770684,5C56DE06,20220920T155000,162970831749020169092907,20221002T080001,20221002T173003,379,345,41,281
83615,33,90,SC,TREZE DE MAIO,1015,1754832,5C56DE06,20220920T140700,758829383108547255397124,20221002T080001,20221002T170026,380,340,48,265
83615,33,91,SC,TREZE DE MAIO,1015,1770826,5C56DE06,20220920T141400,041758787137712499110627,20221002T080001,20221002T172438,385,330,39,267
83690,42,135,SC,TURVO,1252,1288059,DD2D7981,20220918T122500,106660952950320084323403,20221002T080001,20221002T170604,334,305,32,253
83690,42,137,SC,TURVO,1252,1290031,DD2D7981,20220918T123900,682418753208276181907623,20221002T080001,20221002T174110,333,296,28,253
83690,42,75,SC,TURVO,1180,1288913,253DEE4E,20220918T113300,106660149435165845343776,20221002T080001,20221002T170705,349,323,42,250
83690,42,85,SC,TURVO,1260,1334537,DD2D7981,20220918T112400,288478395868328052682168,20221002T080001,20221002T182500,362,318,40,261
83798,36,83,SC,VIDEIRA,1317,1828924,1C03074C,20220921T143000,155002049568816873570586,20221002T080011,20221002T173936,443,354,49,265
85138,145,82,RS,ANTA GORDA,1058,1329760,8CA8F33D,20220923T145100,075299855567167231677842,20221002T080001,20221002T174930,387,329,45,257
85138,145,87,RS,ANTA GORDA,1082,1281953,8CA8F33D,20220923T151100,226714558782064014789104,20221002T080001,20221002T191417,430,369,64,261
85286,70,33,RS,ESTAÇÃO,1392,1789856,DFF12154,20220922T131600,796828337189675311774126,20221002T080001,20221002T170029,349,300,24,255
85324,11,40,RS,SÃO JOSÉ DO HORTÊNCIO,1210,1762603,8415E8B4,20220919T152000,465864745771753474372826,20221002T080001,20221002T170027,361,325,46,250
85413,8,102,RS,BENTO GONÇALVES,1210,2176857,19DFCD0B,20220919T141600,353423666581862931680391,20221002T080001,20221002T170345,394,335,53,259
85413,8,116,RS,BENTO GONÇALVES,1708,2174232,19DFCD0B,20220919T150500,373625194083837581739184,20221002T080001,20221002T170708,369,318,33,258
85413,8,155,RS,BENTO GONÇALVES,1210,2001297,864AABCA,20220919T165200,848372838753651471983858,20221002T080001,20221002T170055,395,333,46,253
85413,8,203,RS,BENTO GONÇALVES,1082,2162874,83ED4AAA,20220921T083300,969584477458204844279065,20221002T080001,20221002T170305,398,350,63,256
85413,8,88,RS,BENTO GONÇALVES,1082,2018921,723B0D94,20220919T132600,111099550674608029152996,20221002T080001,20221002T170349,393,319,43,250
85723,11,80,RS,TUPANDI,1147,1843210,D41325FA,20220919T161900,851603414612793991174923,20221002T080001,20221002T170137,394,345,63,256
85839,166,64,RS,CÂNDIDO GODÓI,1066,1293740,BEE61279,20220919T134700,757892611767490041428750,20221002T080002,20221002T184720,340,304,24,258
86223,152,99,RS,BARÃO,1236,1790214,7BBAEBD5,20220923T135000,707536328824616279507117,20221002T080001,20221002T174051,369,349,59,250
86533,21,87,RS,ESTRELA,1562,1680567,25631CE3,20220922T111200,579482906073952192579332,20221002T080001,20221002T170237,395,323,37,253
86550,61,29,RS,FARROUPILHA,1279,1699558,63F0E970,20220921T130600,003253139364704040341356,20221002T080001,20221002T170053,340,303,22,250
86614,68,17,RS,FLORES DA CUNHA,1236,1287955,9CEED015,20220916T152100,740504581106839552912702,20221002T080001,20221002T171348,391,342,42,271
86690,98,27,RS,GARIBALDI,1112,1844905,43C8A66F,20220919T115500,917442824467380739266649,20221002T080001,20221002T171500,417,389,63,295
87025,128,331,RS,MATO CASTELHANO,1031,2174653,7ADE27AA,20220922T153700,537164121532882096511236,20221002T080001,20221002T175051,384,328,46,257
87220,68,36,RS,NOVA PÁDUA,1040,1299888,9E4693DF,20220917T171900,513881387050388829978267,20221002T080001,20221002T174755,354,307,22,265
87505,118,173,RS,PRESIDENTE LUCENA,1023,1651725,3CF9D778,20220916T124600,588962498918876085549103,20221002T080001,20221002T174541,425,386,73,255
87610,75,102,RS,NOVA BASSANO,1082,1245887,7AD2693B,20220922T155600,010505322030471763717761,20221002T080001,20221002T171237,386,336,50,257
87610,75,103,RS,NOVA BASSANO,1082,1234873,7AD2693B,20220922T170000,808484223209618587328473,20221002T080001,20221002T180007,392,344,43,269
87610,75,16,RS,NOVA BASSANO,1082,1631245,3F7F6DFB,20220921T133300,091313820500859723974798,20221002T080001,20221002T170156,387,349,53,273
87610,75,65,RS,NOVA BASSANO,1082,1627284,3F7F6DFB,20220921T142500,656969623956571958698508,20221002T080001,20221002T170242,385,352,61,273
87610,75,69,RS,NOVA BASSANO,1082,1271288,3F7F6DFB,20220921T151400,222626630513090445472665,20221002T080044,20221002T170932,388,354,57,268
87610,75,77,RS,NOVA BASSANO,1082,1337797,7AD2693B,20220919T162400,970101233426652881962748,20221002T080001,20221002T170018,383,339,50,263
87610,75,95,RS,NOVA BASSANO,1082,1338219,7AD2693B,20220921T135100,616565790290417593039124,20221002T080001,20221002T173050,386,337,46,262
87696,75,82,RS,NOVA PRATA,1317,1334215,D14009AD,20220919T172000,913795696061425290656846,20221002T080001,20221002T172705,391,332,54,252
87912,60,100,RS,PELOTAS,2135,2160529,8A77CE08,20220915T141400,317473406013329952215864,20221002T080001,20221002T170515,418,347,65,252
88072,145,111,RS,PUTINGA,1104,1329434,2FFBA6C5,20220922T113000,288320555820704341773545,20221002T080001,20221002T194231,428,343,58,259
88471,42,45,RS,SANTA ROSA,1619,1308056,C6A38473,20220921T091800,239773063416755351343855,20221002T080001,20221002T170016,343,304,20,268
88781,67,108,RS,VESPASIANO CORRÊA,1058,1844601,1C20E015,20220921T123900,445063414059518745730799,20221002T080001,20221002T170018,393,334,46,251
88781,67,128,RS,VESPASIANO CORRÊA,1058,1760293,1C20E015,20220921T130200,394558500354810560449651,20221002T080001,20221002T174326,397,333,48,251
89028,34,336,RS,ARROIO DO PADRE,1040,2149091,559EFAF1,20220919T103300,450810590341490475913736,20221002T080001,20221002T170028,365,317,15,289
89028,34,64,RS,ARROIO DO PADRE,1058,2160491,559EFAF1,20220919T101500,662931529362667888643170,20221002T080001,20221002T170057,367,339,48,270
89095,22,117,RS,SERAFINA CORRÊA,1066,1791344,149216A1,20220919T103900,072043007409530279148957,20221002T080001,20221002T170018,385,344,62,257
89770,88,72,RS,COTIPORÃ,1058,1651062,17235BAF,20220919T132000,342978053322413491705543,20221002T080001,20221002T171047,374,326,38,252
89850,22,113,MT,SINOP,1031,1252427,F65278E1,20220920T102000,351571844493399029687402,20221002T070415,20221002T174508,391,312,36,257
89850,22,16,MT,SINOP,1031,1300555,F65278E1,20220920T095900,422278150700283208209823,20221002T070508,20221002T164358,388,310,35,256
89850,22,17,MT,SINOP,1031,1254942,F65278E1,20220920T100700,341470187392697811856571,20221002T070001,20221002T171100,393,308,36,258
89850,22,187,MT,SINOP,1031,1259227,F65278E1,20220920T102700,179753597575703234764517,20221002T070958,20221002T163334,393,319,44,256
89850,22,2,MT,SINOP,1015,1259280,F65278E1,20220920T081200,068642286764966169154930,20221002T070001,20221002T162510,268,221,61,258
89850,22,24,MT,SINOP,1058,1254979,F65278E1,20220920T110800,422278007700956521366455,20221002T070001,20221002T161750,388,322,47,256
89850,22,264,MT,SINOP,1295,1255049,2234C802,20220920T131600,836319873170531410459527,20221002T070001,20221002T163337,399,329,55,252
89850,22,266,MT,SINOP,1236,1223870,13C33CEA,20220920T154300,563692826166547738493638,20221002T070244,20221002T161913,394,325,53,253
89850,22,31,MT,SINOP,1015,1253862,2BE6052F,20220922T104600,775713772254596824402120,20221002T070001,20221002T162150,278,228,53,260
89850,22,32,MT,SINOP,1015,1236923,F65278E1,20220920T091900,846420270642347861110538,20221002T070001,20221002T161414,279,239,61,257
89850,22,330,MT,SINOP,1236,1233540,2BE6052F,20220922T110000,432379430520586275192612,20221002T070001,20221002T165408,394,315,46,250
89850,22,332,MT,SINOP,1031,1322447,F65278E1,20220920T104100,634399336821923366363830,20221002T070001,20221002T161945,393,312,44,251
89850,22,364,MT,SINOP,1295,1255715,2234C802,20220920T133600,028238153089902685003647,20221002T070001,20221002T161554,396,330,53,257
89850,22,365,MT,SINOP,1031,1226555,F65278E1,20220920T104800,947430182852726815063789,20221002T070001,20221002T164221,390,321,40,257
89850,22,376,MT,SINOP,1031,1280970,F65278E1,20220920T105400,098945516067684880760220,20221002T070019,20221002T161240,385,321,43,265
89850,22,384,MT,SINOP,1295,1299087,2234C802,20220920T135600,967632235083029929087713,20221002T070001,20221002T160915,388,334,48,255
89850,22,556,MT,SINOP,1678,1255976,2BE6052F,20220921T183300,604096067737916138177328,20221002T070001,20221002T165029,423,337,41,268
89850,22,564,MT,SINOP,1678,1260140,2BE6052F,20220921T183900,371773687714106805355307,20221002T070001,20221002T164620,393,362,45,301
89850,22,567,MT,SINOP,1686,1255866,2BE6052F,20220922T074800,230359872200897188395334,20221002T070001,20221002T161626,397,353,77,253
89850,22,74,MT,SINOP,1031,1293190,F65278E1,20220920T101400,684804612326912831225342,20221002T070001,20221002T164428,397,317,39,256
89850,22,77,MT,SINOP,1058,1254179,F65278E1,20220920T114700,098945358867919101741915,20221002T070129,20221002T160858,385,306,38,252
89850,22,83,MT,SINOP,1058,1168292,F65278E1,20220920T115400,866622757144560126394091,20221002T070001,20221002T165530,387,305,34,254
89877,24,103,MT,ALTA FLORESTA,1023,1055922,1A713D7B,20220922T165000,057063471760201572279773,20221002T070001,20221002T172332,395,303,38,252
90387,50,151,MT,NOVA BANDEIRANTES,1023,1763558,F0CA90B4,20220921T104300,764711318973283650360476,20221002T070001,20221002T160359,396,299,36,253
90387,50,152,MT,NOVA BANDEIRANTES,1023,1755556,F0CA90B4,20220921T104900,370872033934315274506265,20221002T070001,20221002T160036,393,308,25,268
90506,12,58,MT,CAMPO VERDE,1066,2010603,3B221CAA,20220922T101700,251354482386877450837857,20221002T070001,20221002T160713,377,324,52,251
90506,12,63,MT,CAMPO VERDE,1066,2023664,3B221CAA,20220922T102000,544283296515761613509765,20221002T070001,20221002T161544,374,321,48,253
90603,21,130,MT,LUCAS DO RIO VERDE,1147,1605998,5F2C1DE1,20220922T164100,633188639362767081042367,20221002T070001,20221002T161856,381,307,32,263
90603,21,132,MT,LUCAS DO RIO VERDE,1147,1617566,5F2C1DE1,20220921T180200,047229568403016857111300,20221002T070001,20221002T161041,382,312,32,270
90603,21,145,MT,LUCAS DO RIO VERDE,1147,1618847,5F2C1DE1,20220921T180900,057330970204516902573103,20221002T070001,20221002T160951,383,306,36,255
90603,21,146,MT,LUCAS DO RIO VERDE,1147,1619667,5F2C1DE1,20220921T181900,764401799075313679373227,20221002T070001,20221002T160117,383,311,38,256
90603,21,158,MT,LUCAS DO RIO VERDE,1074,1622603,A6463DF1,20220922T090600,279552598777652603097463,20221002T070721,20221002T161600,389,288,30,251
90603,21,199,MT,LUCAS DO RIO VERDE,1147,1612200,5F2C1DE1,20220921T185100,744299456873098751780171,20221002T070001,20221002T160211,380,307,27,263
90603,21,240,MT,LUCAS DO RIO VERDE,1147,1623332,5F2C1DE1,20220921T185700,299754750128060603042481,20221002T070636,20221002T160021,385,324,23,289
90603,21,245,MT,LUCAS DO RIO VERDE,1147,1620958,5F2C1DE1,20220922T075700,016926026400697621216602,20221002T070934,20221002T161935,387,319,51,250
90603,21,254,MT,LUCAS DO RIO VERDE,1201,1607954,5F2C1DE1,20220922T135100,835108805182727387965628,20221002T070001,20221002T160440,371,294,36,250
90603,21,265,MT,LUCAS DO RIO VERDE,1201,1630682,5F2C1DE1,20220922T141800,319956466330449321909000,20221002T070001,20221002T160040,389,308,33,253
90646,5,118,MT,NOVA MUTUM,1139,1315677,67BD6D25,20220921T095000,094864137770414656412503,20221002T070001,20221002T161250,389,307,42,252
90646,5,129,MT,NOVA MUTUM,1155,1264777,67BD6D25,20220921T135300,751430978936695713372781,20221002T070001,20221002T162211,394,321,52,255
90646,5,130,MT,NOVA MUTUM,1155,1252562,67BD6D25,20220921T135900,014056311662379584179004,20221002T070001,20221002T171701,399,328,44,270
90646,5,131,MT,NOVA MUTUM,1155,1232284,67BD6D25,20220921T140600,256480663786066992921565,20221002T070001,20221002T162114,398,324,54,251
90646,5,132,MT,NOVA MUTUM,1155,1235308,67BD6D25,20220921T141300,296884812390980440582064,20221002T070001,20221002T170014,394,313,44,257
90646,5,133,MT,NOVA MUTUM,1155,1274557,67BD6D25,20220921T142000,923147558153491380756319,20221002T070001,20221002T162642,395,325,59,253
90646,5,144,MT,NOVA MUTUM,1171,1053822,6B2C1EE8,20220921T151100,569511564300225809047214,20221002T070001,20221002T164257,385,318,45,252
90646,5,153,MT,NOVA MUTUM,1171,1341077,6B2C1EE8,20220921T091600,024157792546400923643521,20221002T070001,20221002T160142,388,309,46,251
91510,10,272,MT,RONDONÓPOLIS,1333,2134695,7D06B9E0,20220921T082400,106417999086328959112369,20221002T070001,20221002T160046,379,317,44,254
91936,31,19,MT,CANARANA,1015,1064743,17BD293B,20220927T075600,561488628763623730605973,20221002T070001,20221002T164257,379,296,33,253
91936,31,25,MT,CANARANA,1015,1054422,17BD293B,20220927T093500,652397343372688872411553,20221002T070002,20221002T160330,386,299,36,252
91936,31,90,MT,CANARANA,1112,1073532,17BD293B,20220927T163400,763408397583467759337722,20221002T070001,20221002T160558,428,329,54,262
93734,127,15,GO,GOIÂNIA,1546,2029545,ED5B1C35,20220922T132700,267026887124304926513406,20221002T080754,20221002T175431,494,412,101,257
93734,133,291,GO,GOIÂNIA,1503,2084150,65B0DB8E,20220926T082200,297392213325820395914516,20221002T080001,20221002T170127,465,363,82,250
94455,19,28,GO,LUZIÂNIA,1090,1271004,2610EDA5,20220924T143500,258831277080535213232165,20221002T080001,20221002T192741,469,406,104,253
95990,80,20,GO,SÃO LUÍS DE MONTES BELOS,1309,1607603,874368AE,20220921T163500,505606643308730843224321,20221002T080001,20221002T173721,455,368,66,278
95990,80,4,GO,SÃO LUÍS DE MONTES BELOS,1341,1608163,95C75941,20220921T161500,818737250447867094403888,20221002T080001,20221002T181925,453,351,61,264
98230,11,87,RS,BOM PRINCÍPIO,1031,1843654,BD8E21C8,20220919T175800,153333488492492478527735,20221002T080001,20221002T173531,426,373,78,257
98892,40,10,MT,PRIMAVERA DO LESTE,1023,2025471,8901E930,20220921T095100,590387665861982949492593,20221002T070001,20221002T163455,391,327,57,251
98892,40,11,MT,PRIMAVERA DO LESTE,1023,2001271,8901E930,20220921T095000,186246364520502047673348,20221002T070330,20221002T162905,391,318,44,254
98892,40,12,MT,PRIMAVERA DO LESTE,1023,2024683,8901E930,20220921T095300,762004050978290350261412,20221002T070001,20221002T163214,395,323,42,268
98892,40,13,MT,PRIMAVERA DO LESTE,1023,2025973,8901E930,20220921T095700,903418304292719552258338,20221002T070001,20221002T160223,388,326,40,269
98892,40,14,MT,PRIMAVERA DO LESTE,1023,2004755,8901E930,20220921T095900,448872954746394861712382,20221002T070001,20221002T160841,390,325,50,254
98892,40,15,MT,PRIMAVERA DO LESTE,1023,2011329,8901E930,20220921T100600,711599333373080855023353,20221002T070001,20221002T160559,385,316,38,260
98892,40,16,MT,PRIMAVERA DO LESTE,1023,2025979,8901E930,20220921T101000,640892377066688414431876,20221002T070001,20221002T162639,391,314,43,252
98930,43,100,MT,SORRISO,1147,1658082,32C7D015,20220922T105300,501711593435201598112767,20221002T070001,20221002T162953,408,335,60,263
98930,43,108,MT,SORRISO,1147,1666009,32C7D015,20220922T110000,865347833871019342178440,20221002T070001,20221002T172225,408,334,58,259
98930,43,121,MT,SORRISO,1147,1699817,32C7D015,20220922T110800,532014871438243794160491,20221002T070001,20221002T162754,405,337,49,268
98930,43,155,MT,SORRISO,1147,1660324,32C7D015,20220922T111500,865347858271456904670480,20221002T070001,20221002T171341,410,330,52,258
98930,43,158,MT,SORRISO,1015,1665982,F178BF6E,20220922T114100,754236070682334681660862,20221002T070001,20221002T160932,393,317,53,254
98930,43,163,MT,SORRISO,1031,1662707,F178BF6E,20220922T145800,572418410464064673160795,20221002T070001,20221002T163401,408,338,55,272
98930,43,168,MT,SORRISO,1040,1665397,F178BF6E,20220922T165300,350296748042719566302311,20221002T070001,20221002T160525,407,308,31,266
98930,43,179,MT,SORRISO,1015,1658644,F178BF6E,20220922T115000,986559559805588135420639,20221002T070001,20221002T162954,395,327,52,258
98930,43,193,MT,SORRISO,1252,1664019,3EA03E2E,20220922T123000,188579236320715745719330,20221002T070001,20221002T170113,428,347,65,253
98930,43,202,MT,SORRISO,1015,1658662,F178BF6E,20220922T115700,592620996366687875686972,20221002T070001,20221002T165410,389,317,53,251
91081,43,205,,,1147,1065930,E7711B7C,20220923T141300,030864031951908425762389,20221002T070002,20221002T172746,406,331,55,255
98930,43,214,MT,SORRISO,1295,1662060,3EA03E2E,20220922T131200,127973811314729924628205,20221002T070001,20221002T162447,419,341,48,279
98930,43,220,MT,SORRISO,1031,1658783,F178BF6E,20220922T151500,855246172792888079623338,20221002T071650,20221002T173006,440,327,51,260
98930,43,226,MT,SORRISO,1295,1665376,3EA03E2E,20220922T132200,814842799583501419057119,20221002T070001,20221002T160407,393,319,51,254
98930,43,25,MT,SORRISO,1031,1663907,F178BF6E,20220922T130300,198680888926772281980636,20221002T070001,20221002T165056,414,329,46,274
98930,43,26,MT,SORRISO,1031,1658839,F178BF6E,20220922T131000,420903229049887518553774,20221002T070001,20221002T165404,406,308,34,256
98930,43,27,MT,SORRISO,1031,1661974,F178BF6E,20220922T131800,360397273843388057450183,20221002T070001,20221002T171912,425,337,41,279
98930,43,28,MT,SORRISO,1031,1665273,F178BF6E,20220922T133700,340195361441471833832649,20221002T070001,20221002T162343,414,318,44,264
91081,43,29,,,1031,1058126,E7711B7C,20220923T125100,798440799827667682525084,20221002T072205,20221002T170446,409,336,53,275
98930,43,30,MT,SORRISO,1031,1658681,F178BF6E,20220922T135300,693630908676722836164830,20221002T070001,20221002T162400,406,328,42,269
98930,43,31,MT,SORRISO,1031,1665979,F178BF6E,20220922T140100,037064358610582860690427,20221002T070001,20221002T162539,399,323,40,267
98930,43,32,MT,SORRISO,1031,1664546,F178BF6E,20220922T140900,026963458809138952581440,20221002T070219,20221002T171101,404,336,36,283
98930,43,33,MT,SORRISO,1031,1666719,F178BF6E,20220922T141600,723933268479715780216015,20221002T070001,20221002T163007,421,324,44,265
98930,43,34,MT,SORRISO,1031,1664693,F178BF6E,20220922T142300,835044480490709225296420,20221002T070001,20221002T164439,413,339,35,285
98930,43,35,MT,SORRISO,1031,1666012,F178BF6E,20220922T143600,713832477178881781117986,20221002T070001,20221002T162607,408,341,32,293
98930,43,36,MT,SORRISO,1040,1663704,F178BF6E,20220922T152300,572418448664553189838819,20221002T070001,20221002T160156,406,335,48,273
98930,43,37,MT,SORRISO,1040,1662269,F178BF6E,20220922T153100,976458959304900017261062,20221002T070001,20221002T163544,407,341,37,286
98930,43,38,MT,SORRISO,1040,1665885,F178BF6E,20220922T153800,582519670965007039598184,20221002T070001,20221002T160715,408,324,44,265
98930,43,39,MT,SORRISO,1040,1664651,F178BF6E,20220922T154500,744135943381048652667933,20221002T070001,20221002T161749,397,318,25,283
98930,43,40,MT,SORRISO,1040,1663945,F178BF6E,20220922T155200,835044117990011611029569,20221002T070618,20221002T160551,420,329,40,269
98930,43,59,MT,SORRISO,1015,1662331,F178BF6E,20220922T104800,511812854958478857778811,20221002T070442,20221002T164720,385,315,37,259
98930,43,60,MT,SORRISO,1031,1666137,F178BF6E,20220922T144300,542115962861595147981985,20221002T070001,20221002T171254,410,336,48,273
98930,43,61,MT,SORRISO,1040,1663852,F178BF6E,20220922T160000,602721133367309060588972,20221002T070001,20221002T160246,414,327,42,272
98930,43,68,MT,SORRISO,1015,1665406,F178BF6E,20220922T105500,178478476124015713617033,20221002T070001,20221002T172835,397,328,56,254
98930,43,77,MT,SORRISO,1031,1666562,F178BF6E,20220922T145100,218882471128211200487969,20221002T070001,20221002T163043,399,339,42,285
98930,43,87,MT,SORRISO,1040,1666723,F178BF6E,20220922T164500,784539114785195103180955,20221002T070001,20221002T161732,411,316,41,255
98930,43,93,MT,SORRISO,1147,1666010,32C7D015,20220922T104500,208781160205957698072277,20221002T070001,20221002T164252,412,341,47,273
97012,14,401,DF,BRASÍLIA,1058,2028706,E48701C6,20220925T105800,231474703839556921724134,20221002T080001,20221002T174041,387,366,68,277
97012,14,404,DF,BRASÍLIA,1015,2220647,ERROR,20220925T112100,342585143752016205360799,20221002T080001,20221002T170149,387,369,64,268
99058,44,239,MT,GUARANTÃ DO NORTE,1139,1762530,CCEAB796,20220927T112500,849156229433970753522808,20221002T070028,20221002T182619,463,331,54,264
99058,44,265,MT,GUARANTÃ DO NORTE,1155,1762591,CCEAB796,20220927T145800,657237805014592215253728,20221002T070001,20221002T164543,434,322,52,252
99058,44,271,MT,GUARANTÃ DO NORTE,1155,1761361,CCEAB796,20220927T150600,667338449515125474605544,20221002T070001,20221002T162938,451,327,43,268
99058,44,276,MT,GUARANTÃ DO NORTE,1155,1761331,CCEAB796,20220927T152000,364308693285589817889602,20221002T070138,20221002T173408,440,340,56,265
99058,44,278,MT,GUARANTÃ DO NORTE,1155,1759763,CCEAB796,20220927T155100,051277604154618260211031,20221002T070001,20221002T164901,438,333,43,271
99058,44,280,MT,GUARANTÃ DO NORTE,1155,1759622,CCEAB796,20220927T154400,869358606235543930561259,20221002T070001,20221002T165720,491,338,52,271
